<page>
   <item name="hs_ad/ui_banner.scene" props="" ifExport="内嵌模式" aName=""/>
   <item name="hs_ad/ui_inner_interstitial.scene" props="" ifExport="内嵌模式" aName=""/>
   <item name="hs_ad/ui_interstitial.scene" props="" ifExport="内嵌模式" aName=""/>
   <item name="hs_ad/ui_interstitial_h.scene" props="" ifExport="内嵌模式" aName=""/>
   <item name="hs_ad/ui_native_icon.scene" props="" ifExport="内嵌模式" aName=""/>
   <item name="hs_ad/ui_toast.scene" props="" ifExport="内嵌模式" aName=""/>
   <item name="hs_ad/hs_ui_add_icon.scene" props="" ifExport="内嵌模式" aName=""/>
   <item name="hs_ad/hs_ui_watch_video.scene" props="" ifExport="内嵌模式" aName=""/>
   <item name="hs_ad/ui_share_recorder.scene" props="" ifExport="内嵌模式" aName=""/>
   <item name="hs_ad/hs_ui_authorize.scene" props="" ifExport="内嵌模式" aName=""/>
   <item name="hs_ad/hs_ui_privacy.scene" props="" ifExport="内嵌模式" aName=""/>
</page>